player_id,name,team,dob,age_years,age_days,total_points,salary
leverca01,Caris LeVert,Atlanta Hawks,1994-08-25,30,11253,388.0,16615384
capelca01,Clint Capela,Atlanta Hawks,1994-05-18,31,11352,488.0,22265280
plowdda01,Daeqwon Plowden,Atlanta Hawks,1998-08-29,26,9788,43.0,0
barlodo01,Dominick Barlow,Atlanta Hawks,2003-05-26,22,8057,148.0,491887
daniedy01,Dyson Daniels,Atlanta Hawks,2003-03-17,22,8127,1073.0,6059520
mathega01,Garrison Mathews,Atlanta Hawks,1996-10-24,28,10462,353.0,2230253
niangge01,Georges Niang,Atlanta Hawks,1993-06-17,31,11687,339.0,8500000
toppija01,Jacob Toppin,Atlanta Hawks,2000-05-08,25,9170,17.0,0
johnsja05,Jalen Johnson,Atlanta Hawks,2001-12-18,23,8581,680.0,4510905
wallake01,Keaton Wallace,Atlanta Hawks,1999-02-26,26,9607,168.0,0
bufkiko01,Kobe Bufkin,Atlanta Hawks,2003-09-21,21,7939,53.0,4299000
nancela02,Larry Nance Jr.,Atlanta Hawks,1993-01-01,32,11854,203.0,11205000
gueyemo02,Mouhamed Gueye,Atlanta Hawks,2002-11-09,22,8255,197.0,1891857
okongon01,Onyeka Okongwu,Atlanta Hawks,2000-12-11,24,8953,988.0,14000000
mannte01,Terance Mann,Atlanta Hawks,1996-10-18,28,10468,294.0,11423077
youngtr01,Trae Young,Atlanta Hawks,1998-09-19,26,9767,1841.0,43031940
krejcvi01,Vit Krejci,Atlanta Hawks,2000-06-19,24,9128,412.0,2162606
risacza01,Zaccharie Risacher,Atlanta Hawks,2005-04-08,20,7374,942.0,12569040
horfoal01,Al Horford,Boston Celtics,1986-06-03,39,14258,538.0,9500000
scheiba01,Baylor Scheierman,Boston Celtics,2000-09-26,24,9029,113.0,2494320
whitede01,Derrick White,Boston Celtics,1994-07-02,30,11307,1248.0,20071429
peterdr01,Drew Peterson,Boston Celtics,1999-11-09,25,9351,54.0,0
davisjd01,JD Davison,Boston Celtics,2002-10-03,22,8292,33.0,11997
brownja02,Jaylen Brown,Boston Celtics,1996-10-24,28,10462,1398.0,49205800
tatumja01,Jayson Tatum,Boston Celtics,1998-03-03,27,9967,1932.0,34848340
walshjo01,Jordan Walsh,Boston Celtics,2004-03-03,21,7775,82.0,1891857
holidjr01,Jrue Holiday,Boston Celtics,1990-06-12,35,12788,686.0,30000000
porzikr01,Kristaps PorziÅÄ£is,Boston Celtics,1995-08-02,29,10911,,29268293
kornelu01,Luke Kornet,Boston Celtics,1995-07-15,29,10929,441.0,2087519
norrimi01,Miles Norris,Boston Celtics,2000-04-15,25,9193,7.0,0
quetane01,Neemias Queta,Boston Celtics,1999-07-13,25,9470,310.0,2162606
pritcpa01,Payton Pritchard,Boston Celtics,1998-01-28,27,10001,1144.0,6696429
hausesa01,Sam Hauser,Boston Celtics,1997-12-08,27,10052,605.0,2092344
craigto01,Torrey Craig,Boston Celtics,1990-12-19,34,12598,46.0,779820
tillmxa01,Xavier Tillman Sr.,Boston Celtics,1999-01-12,26,9652,34.0,2237691
thomaca02,Cam Thomas,Brooklyn Nets,2001-10-13,23,8647,599.0,4041249
johnsca02,Cameron Johnson,Brooklyn Nets,1996-03-03,29,10697,1070.0,22500000
russeda01,D'Angelo Russell,Brooklyn Nets,1996-02-23,29,10706,373.0,18692307
whiteda01,Dariq Whitehead,Brooklyn Nets,2004-08-01,20,7624,114.0,3114240
sharpda01,Day'Ron Sharpe,Brooklyn Nets,2001-11-06,23,8623,397.0,3989122
meltode01,De'Anthony Melton,Brooklyn Nets,1998-05-28,27,9881,,12822000
timmedr01,Drew Timme,Brooklyn Nets,2000-09-09,24,9046,109.0,113055
wilsoja03,Jalen Wilson,Brooklyn Nets,2000-11-04,24,8990,749.0,1891857
johnske07,Keon Johnson,Brooklyn Nets,2002-03-10,23,8499,839.0,2162606
lewisma05,Maxwell Lewis,Brooklyn Nets,2002-07-27,22,8360,112.0,1891857
claxtni01,Nic Claxton,Brooklyn Nets,1999-04-17,26,9557,724.0,27556817
clownno01,Noah Clowney,Brooklyn Nets,2004-07-14,20,7642,420.0,3244080
beekmre01,Reece Beekman,Brooklyn Nets,2001-10-08,23,8652,91.0,0
evbuoto01,Tosan Evbuomwan,Brooklyn Nets,2001-02-16,24,8886,267.0,0
watfotr01,Trendon Watford,Brooklyn Nets,2000-11-09,24,8985,450.0,2726603
martity01,Tyrese Martin,Brooklyn Nets,1999-03-07,26,9598,523.0,635853
etienty01,Tyson Etienne,Brooklyn Nets,1999-09-17,25,9404,55.0,0
willizi02,Ziaire Williams,Brooklyn Nets,2001-09-12,23,8678,632.0,6133005
dosunay01,Ayo Dosunmu,Chicago Bulls,2000-01-17,25,9282,566.0,7000000
whiteco01,Coby White,Chicago Bulls,2000-02-16,25,9252,1509.0,12000000
terryda01,Dalen Terry,Chicago Bulls,2002-07-12,22,8375,326.0,3510480
liddeej01,E.J. Liddell,Chicago Bulls,2000-12-18,24,8946,21.0,0
milleem01,Emanuel Miller,Chicago Bulls,2000-06-19,24,9128,10.0,0
youngja05,Jahmir Young,Chicago Bulls,2000-10-07,24,9018,11.0,0
smithja04,Jalen Smith,Chicago Bulls,2000-03-16,25,9223,524.0,8571429
carteje01,Jevon Carter,Chicago Bulls,1995-09-14,29,10868,153.0,6500000
giddejo01,Josh Giddey,Chicago Bulls,2002-10-10,22,8285,1022.0,8352367
phillju01,Julian Phillips,Chicago Bulls,2003-11-05,21,7894,366.0,1891857
huertke01,Kevin Huerter,Chicago Bulls,1998-08-27,26,9790,343.0,16830357
balllo01,Lonzo Ball,Chicago Bulls,1997-10-27,27,10094,267.0,21395348
buzelma01,Matas Buzelis,Chicago Bulls,2004-10-13,20,7551,688.0,5195520
vucevni01,Nikola VuÄeviÄ,Chicago Bulls,1990-10-24,34,12654,,20000000
willipa01,Patrick Williams,Chicago Bulls,2001-08-26,23,8695,566.0,18000000
hortota01,Talen Horton-Tucker,Chicago Bulls,2000-11-25,24,8969,379.0,2087519
jonestr01,Tre Jones,Chicago Bulls,2000-01-08,25,9291,207.0,9104167
colliza01,Zach Collins,Chicago Bulls,1997-11-19,27,10071,240.0,16741200
okekech01,Chuma Okeke,Cleveland Cavaliers,1998-08-18,26,9799,5.0,115743
portecr01,Craig Porter Jr.,Cleveland Cavaliers,2000-02-26,25,9242,188.0,1891857
garlada01,Darius Garland,Cleveland Cavaliers,2000-01-26,25,9273,1544.0,36725670
huntede01,De'Andre Hunter,Cleveland Cavaliers,1997-12-02,27,10058,386.0,21696429
wadede01,Dean Wade,Cleveland Cavaliers,1996-11-20,28,10435,320.0,6166667
mitchdo01,Donovan Mitchell,Cleveland Cavaliers,1996-09-07,28,10509,1701.0,35410310
batesem01,Emoni Bates,Cleveland Cavaliers,2004-01-28,21,7810,37.0,0
mobleev01,Evan Mobley,Cleveland Cavaliers,2001-06-18,23,8764,1316.0,11227657
okorois01,Isaac Okoro,Cleveland Cavaliers,2001-01-26,24,8907,337.0,10185186
allenja01,Jarrett Allen,Cleveland Cavaliers,1998-04-21,27,9918,1103.0,20000000
greenja02,Javonte Green,Cleveland Cavaliers,1993-07-23,31,11651,59.0,599862
tysonja01,Jaylon Tyson,Cleveland Cavaliers,2002-12-02,22,8232,167.0,3326160
travelu01,Luke Travers,Cleveland Cavaliers,2001-09-03,23,8687,12.0,0
strusma01,Max Strus,Cleveland Cavaliers,1996-03-28,29,10672,471.0,15212068
tomlina01,Nae'Qwan Tomlin,Cleveland Cavaliers,2000-12-10,24,8954,36.0,66503
merrisa01,Sam Merrill,Cleveland Cavaliers,1996-05-15,29,10624,509.0,2164993
thomptr01,Tristan Thompson,Cleveland Cavaliers,1991-03-13,34,12514,69.0,2087519
jeromty01,Ty Jerome,Cleveland Cavaliers,1997-07-08,27,10205,878.0,2560975
davisan02,Anthony Davis,Dallas Mavericks,1993-03-11,32,11785,180.0,43219440
willibr03,Brandon Williams,Dallas Mavericks,1999-11-22,25,9338,275.0,47989
martica02,Caleb Martin,Dallas Mavericks,1995-09-28,29,10854,75.0,9186594
gaffoda01,Daniel Gafford,Dallas Mavericks,1998-10-01,26,9755,701.0,13394160
exumda01,Dante Exum,Dallas Mavericks,1995-07-13,29,10931,174.0,3150000
livelde01,Dereck Lively II,Dallas Mavericks,2004-02-12,21,7795,314.0,5014560
poweldw01,Dwight Powell,Dallas Mavericks,1991-07-20,33,12385,114.0,4000000
hardyja02,Jaden Hardy,Dallas Mavericks,2002-07-05,22,8382,496.0,2019699
joneska01,Kai Jones,Dallas Mavericks,2001-01-19,24,8914,137.0,0
edwarke02,Kessler Edwards,Dallas Mavericks,2000-08-09,24,9077,168.0,0
thompkl01,Klay Thompson,Dallas Mavericks,1990-02-08,35,12912,1005.0,15873016
irvinky01,Kyrie Irving,Dallas Mavericks,1992-03-23,33,12138,1234.0,41000000
chrisma02,Max Christie,Dallas Mavericks,2003-02-10,22,8162,359.0,7142857
marshna01,Naji Marshall,Dallas Mavericks,1998-01-24,27,10005,914.0,8571429
prospol01,Olivier-Maxence Prosper,Dallas Mavericks,2002-07-03,22,8384,201.0,2870400
washipj01,P.J. Washington,Dallas Mavericks,1998-08-23,26,9794,836.0,15500000
dinwisp01,Spencer Dinwiddie,Dallas Mavericks,1993-04-06,32,11759,872.0,2087519
gordoaa01,Aaron Gordon,Denver Nuggets,1995-09-16,29,10866,748.0,22841455
braunch01,Christian Braun,Denver Nuggets,2001-04-17,24,8826,1218.0,3089640
holmeda01,DaRon Holmes,Denver Nuggets,2002-08-15,22,8341,,3065640
saricda01,Dario Å ariÄ,Denver Nuggets,1994-04-08,31,11392,,5168000
jordade01,DeAndre Jordan,Denver Nuggets,1988-07-21,36,13479,209.0,2087519
tysonhu01,Hunter Tyson,Denver Nuggets,2000-06-13,25,9134,134.0,1891857
pickeja02,Jalen Pickett,Denver Nuggets,1999-10-22,25,9369,200.0,1891857
murraja01,Jamal Murray,Denver Nuggets,1997-02-23,28,10340,1436.0,36016200
strawju01,Julian Strawther,Denver Nuggets,2002-04-18,23,8460,588.0,2552520
portemi01,Michael Porter Jr.,Denver Nuggets,1998-06-29,26,9849,1398.0,35859950
jokicni01,Nikola JokiÄ,Denver Nuggets,1995-02-19,30,11075,,51415938
hallpj01,PJ Hall,Denver Nuggets,2002-02-21,23,8516,33.0,0
watsope01,Peyton Watson,Denver Nuggets,2002-09-11,22,8314,551.0,2413560
westbru01,Russell Westbrook,Denver Nuggets,1988-11-12,36,13365,994.0,3303771
jonessp01,Spencer Jones,Denver Nuggets,2001-06-14,24,8768,26.0,0
alexatr01,Trey Alexander,Denver Nuggets,2003-05-02,22,8081,32.0,0
cancavl01,Vlatko ÄanÄar,Denver Nuggets,1997-04-10,28,10294,,2087519
nnajize01,Zeke Nnaji,Denver Nuggets,2001-01-09,24,8924,184.0,8888889
thompau01,Ausar Thompson,Detroit Pistons,2003-01-30,22,8173,594.0,8376000
klintbo01,Bobi Klintman,Detroit Pistons,2003-03-06,22,8138,15.0,1257153
cunnica01,Cade Cunningham,Detroit Pistons,2001-09-25,23,8665,1830.0,13940809
jenkida01,Daniss Jenkins,Detroit Pistons,2001-08-17,23,8704,7.0,0
schrode01,Dennis SchrÃ¶der,Detroit Pistons,1993-09-15,31,11597,,13025250
stewais01,Isaiah Stewart,Detroit Pistons,2001-05-22,24,8791,435.0,15000000
iveyja01,Jaden Ivey,Detroit Pistons,2002-02-13,23,8524,528.0,7977240
durenja01,Jalen Duren,Detroit Pistons,2003-11-18,21,7881,918.0,4536840
waterli01,Lindy Waters III,Detroit Pistons,1997-07-28,27,10185,47.0,2196970
beaslma01,Malik Beasley,Detroit Pistons,1996-11-26,28,10429,1336.0,6000000
sassema01,Marcus Sasser,Detroit Pistons,2000-09-21,24,9034,375.0,2755080
reedpa01,Paul Reed,Detroit Pistons,1999-06-14,26,9499,184.0,3913234
harpero02,Ron Harper Jr.,Detroit Pistons,2000-04-12,25,9196,4.0,0
hollaro01,Ron Holland,Detroit Pistons,2005-07-07,19,7284,522.0,8245320
fontesi01,Simone Fontecchio,Detroit Pistons,1995-12-09,29,10782,446.0,7692308
hardati02,Tim Hardaway Jr.,Detroit Pistons,1992-03-16,33,12145,844.0,16193183
harrito02,Tobias Harris,Detroit Pistons,1992-07-15,32,12024,1002.0,25365854
smithto05,Tolu Smith,Detroit Pistons,2000-07-26,24,9091,14.0,0
podzibr01,Brandin Podziemski,Golden State Warriors,2003-02-25,22,8147,747.0,3519960
keybr01,Braxton Key,Golden State Warriors,1997-02-14,28,10349,3.0,11997
hieldbu01,Buddy Hield,Golden State Warriors,1992-12-17,32,11869,912.0,8780488
greendr01,Draymond Green,Golden State Warriors,1990-03-04,35,12888,613.0,24107143
paytoga02,Gary Payton II,Golden State Warriors,1992-12-01,32,11885,400.0,9130000
santogu01,Gui Santos,Golden State Warriors,2002-06-22,22,8395,227.0,1891857
roweja01,Jackson Rowe,Golden State Warriors,1997-01-04,28,10390,22.0,0
butleji01,Jimmy Butler,Golden State Warriors,1989-09-14,35,13059,538.0,48798677
kuminjo01,Jonathan Kuminga,Golden State Warriors,2002-10-06,22,8289,719.0,7636307
knoxke01,Kevin Knox,Golden State Warriors,1999-08-11,25,9441,46.0,503883
looneke01,Kevon Looney,Golden State Warriors,1996-02-06,29,10723,344.0,8000000
moodymo01,Moses Moody,Golden State Warriors,2002-05-31,23,8417,724.0,5803269
spencpa01,Pat Spencer,Golden State Warriors,1996-07-04,28,10574,98.0,438810
postqu01,Quinten Post,Golden State Warriors,2000-03-21,25,9218,340.0,438920
curryst01,Stephen Curry,Golden State Warriors,1988-03-14,37,13608,1718.0,55761216
armstta02,Taran Armstrong,Golden State Warriors,2002-01-15,23,8553,,0
jackstr02,Trayce Jackson-Davis,Golden State Warriors,2000-02-22,25,9246,407.0,1891857
holidaa01,Aaron Holiday,Houston Rockets,1996-09-30,28,10486,340.0,4668000
sengual01,Alperen ÅengÃ¼n,Houston Rockets,2002-07-25,22,8362,,5424654
thompam01,Amen Thompson,Houston Rockets,2003-01-30,22,8173,970.0,9249960
whitmca01,Cam Whitmore,Houston Rockets,2004-07-08,20,7648,477.0,3379080
roddyda01,David Roddy,Houston Rockets,2001-03-27,24,8847,13.0,0
brookdi01,Dillon Brooks,Houston Rockets,1996-01-22,29,10738,1053.0,22255493
vanvlfr01,Fred VanVleet,Houston Rockets,1994-02-25,31,11434,844.0,42846615
smithja05,Jabari Smith Jr.,Houston Rockets,2003-05-13,22,8070,698.0,9770880
mcveija01,Jack McVeigh,Houston Rockets,1996-06-27,28,10581,14.0,0
tateja01,Jae'Sean Tate,Houston Rockets,1995-10-28,29,10824,188.0,7565217
greenja05,Jalen Green,Houston Rockets,2002-02-09,23,8528,1723.0,12483048
willije02,Jeenathan Williams,Houston Rockets,1999-02-12,26,9621,65.0,515881
greenje02,Jeff Green,Houston Rockets,1986-08-28,38,14172,172.0,8000000
landajo01,Jock Landale,Houston Rockets,1995-10-25,29,10827,200.0,8000000
nfalyda01,N'Faly Dante,Houston Rockets,2001-10-19,23,8641,24.0,0
sheppre01,Reed Sheppard,Houston Rockets,2004-06-24,20,7662,229.0,10098960
adamsst01,Steven Adams,Houston Rockets,1993-07-20,31,11654,225.0,12600000
easonta01,Tari Eason,Houston Rockets,2001-05-10,24,8803,686.0,3695160
nesmiaa01,Aaron Nesmith,Indiana Pacers,1999-10-16,25,9375,541.0,11000000
nembhan01,Andrew Nembhard,Indiana Pacers,2000-01-16,25,9283,653.0,2019699
sheppbe01,Ben Sheppard,Indiana Pacers,2001-07-16,23,8736,332.0,2663880
mathube01,Bennedict Mathurin,Indiana Pacers,2002-06-19,22,8398,1156.0,7245720
freemen01,Enrique Freeman,Indiana Pacers,2000-07-29,24,9088,46.0,0
jacksis01,Isaiah Jackson,Indiana Pacers,2002-01-10,23,8558,35.0,4435381
johnsja01,James Johnson,Indiana Pacers,1987-02-20,38,13996,8.0,2087519
walkeja02,Jarace Walker,Indiana Pacers,2003-09-04,21,7956,461.0,6362520
furphjo01,Johnny Furphy,Indiana Pacers,2004-12-08,20,7495,103.0,1850842
turnemy01,Myles Turner,Indiana Pacers,1996-03-24,29,10676,1120.0,19928500
toppiob01,Obi Toppin,Indiana Pacers,1998-03-04,27,9966,833.0,12975000
siakapa01,Pascal Siakam,Indiana Pacers,1994-04-02,31,11398,1578.0,42176400
jacksqu01,Quenton Jackson,Indiana Pacers,1998-09-15,26,9771,162.0,0
dennira01,RayJ Dennis,Indiana Pacers,2001-03-30,24,8844,30.0,0
mccontj01,T.J. McConnell,Indiana Pacers,1992-03-25,33,12136,720.0,9300000
bryanth01,Thomas Bryant,Indiana Pacers,1997-07-31,27,10182,388.0,2087519
bradlto01,Tony Bradley,Indiana Pacers,1998-01-08,27,10021,61.0,600545
halibty01,Tyrese Haliburton,Indiana Pacers,2000-02-29,25,9239,1359.0,42176400
coffeam01,Amir Coffey,Los Angeles Clippers,1997-06-17,27,10226,696.0,3938271
simmobe01,Ben Simmons,Los Angeles Clippers,1996-07-20,28,10558,52.0,755826
bogdabo01,Bogdan BogdanoviÄ,Los Angeles Clippers,1992-08-18,32,11990,,17260000
chrisca02,Cam Christie,Los Angeles Clippers,2005-07-24,19,7267,18.0,1157153
jonesde02,Derrick Jones Jr.,Los Angeles Clippers,1997-02-15,28,10348,781.0,9523810
eubandr01,Drew Eubanks,Los Angeles Clippers,1997-02-01,28,10362,65.0,5000000
zubaciv01,Ivica Zubac,Los Angeles Clippers,1997-03-18,28,10317,1340.0,11743210
hardeja01,James Harden,Los Angeles Clippers,1989-08-26,35,13078,1802.0,33653846
millejo02,Jordan Miller,Los Angeles Clippers,2000-01-23,25,9276,152.0,1050000
leonaka01,Kawhi Leonard,Los Angeles Clippers,1991-06-29,33,12406,796.0,49205800
brownko01,Kobe Brown,Los Angeles Clippers,2000-01-01,25,9298,77.0,2533920
dunnkr01,Kris Dunn,Los Angeles Clippers,1994-03-18,31,11413,474.0,5168000
batumni01,Nicolas Batum,Los Angeles Clippers,1988-12-14,36,13333,313.0,4668000
powelno01,Norman Powell,Los Angeles Clippers,1993-05-25,32,11710,1306.0,19241379
baldwpa01,Patrick Baldwin Jr.,Los Angeles Clippers,2002-11-18,22,8246,6.0,0
millspa02,Patty Mills,Los Angeles Clippers,1988-08-11,36,13458,37.0,2087519
lundyse01,Seth Lundy,Los Angeles Clippers,2000-04-02,25,9206,,0
flowetr01,Trentyn Flowers,Los Angeles Clippers,2005-03-08,20,7405,11.0,0
lenal01,Alex Len,Los Angeles Lakers,1993-06-16,32,11688,22.0,743829
reaveau01,Austin Reaves,Los Angeles Lakers,1998-05-29,27,9880,1475.0,12976362
jamesbr02,Bronny James,Los Angeles Lakers,2004-10-06,20,7558,62.0,1157153
kolokch01,Christian Koloko,Los Angeles Lakers,2000-06-20,24,9127,90.0,0
knechda01,Dalton Knecht,Los Angeles Lakers,2001-04-19,24,8824,706.0,3819120
finnedo01,Dorian Finney-Smith,Los Angeles Lakers,1993-05-04,32,11731,341.0,14924167
vincega01,Gabe Vincent,Los Angeles Lakers,1996-06-14,29,10594,460.0,11000000
vandeja01,Jarred Vanderbilt,Los Angeles Lakers,1999-04-03,26,9571,147.0,10714286
hayesja02,Jaxson Hayes,Los Angeles Lakers,2000-05-23,25,9155,383.0,2463946
goodwjo01,Jordan Goodwin,Los Angeles Lakers,1998-10-23,26,9733,161.0,223718
jamesle01,LeBron James,Los Angeles Lakers,1984-12-30,40,14778,1710.0,48728845
doncilu01,Luka DonÄiÄ,Los Angeles Lakers,1999-02-28,26,9605,,43031940
morrima02,Markieff Morris,Los Angeles Lakers,1989-09-02,35,13071,44.0,2087519
klebima01,Maxi Kleber,Los Angeles Lakers,1992-01-29,33,12192,,11000000
hachiru01,Rui Hachimura,Los Angeles Lakers,1998-02-08,27,9990,775.0,17000000
miltosh01,Shake Milton,Los Angeles Lakers,1996-09-26,28,10490,116.0,2875000
jemistr01,Trey Jemison,Los Angeles Lakers,1999-11-28,25,9332,57.0,0
clarkbr01,Brandon Clarke,Memphis Grizzlies,1996-09-19,28,10497,534.0,12500000
spencca01,Cam Spencer,Memphis Grizzlies,2000-04-06,25,9202,106.0,0
banede01,Desmond Bane,Memphis Grizzlies,1998-06-25,26,9853,1327.0,34005250
jacksgg01,GG Jackson II,Memphis Grizzlies,2004-12-17,20,7486,209.0,1891857
moranja01,Ja Morant,Memphis Grizzlies,1999-08-10,25,9442,1159.0,36725670
jacksja02,Jaren Jackson Jr.,Memphis Grizzlies,1999-09-15,25,9406,1641.0,25257798
huffja01,Jay Huff,Memphis Grizzlies,1998-08-25,26,9792,439.0,2088033
wellsja01,Jaylen Wells,Memphis Grizzlies,2003-08-26,21,7965,823.0,1157153
konchjo01,John Konchar,Memphis Grizzlies,1996-03-22,29,10678,112.0,6165000
stevela01,Lamar Stevens,Memphis Grizzlies,1997-07-09,27,10204,74.0,623856
kennalu01,Luke Kennard,Memphis Grizzlies,1996-06-24,28,10584,576.0,9250000
baglema01,Marvin Bagley III,Memphis Grizzlies,1999-03-14,26,9591,43.0,12500000
aldamsa01,Santi Aldama,Memphis Grizzlies,2001-01-10,24,8923,811.0,3960531
pippesc02,Scotty Pippen Jr.,Memphis Grizzlies,2000-11-10,24,8984,779.0,2087519
willivi01,Vince Williams Jr.,Memphis Grizzlies,2000-08-30,24,9056,179.0,2120693
kawamyu01,Yuki Kawamura,Memphis Grizzlies,2001-05-02,24,8811,36.0,0
edeyza01,Zach Edey,Memphis Grizzlies,2002-05-14,23,8434,610.0,5756880
pullizy01,Zyon Pullin,Memphis Grizzlies,2001-03-03,24,8871,0.0,0
burksal01,Alec Burks,Miami Heat,1991-07-20,33,12385,356.0,2087519
wiggian01,Andrew Wiggins,Miami Heat,1995-02-23,30,11071,323.0,26276786
adebaba01,Bam Adebayo,Miami Heat,1997-07-18,27,10195,1410.0,34848340
mitchda01,Davion Mitchell,Miami Heat,1998-09-05,26,9781,309.0,6451077
smithdr01,Dru Smith,Miami Heat,1997-12-30,27,10030,87.0,0
robindu01,Duncan Robinson,Miami Heat,1994-04-22,31,11378,817.0,19406000
highsha01,Haywood Highsmith,Miami Heat,1996-12-09,28,10416,478.0,5200000
steveis01,Isaiah Stevens,Miami Heat,2000-11-01,24,8993,0.0,0
jaqueja01,Jaime Jaquez Jr.,Miami Heat,2001-02-18,24,8884,570.0,3685800
chrisjo01,Josh Christopher,Miami Heat,2001-12-08,23,8591,28.0,0
wareke01,Kel'el Ware,Miami Heat,2004-04-20,21,7727,595.0,4231800
johnske10,Keshad Johnson,Miami Heat,2001-06-23,23,8759,43.0,724883
loveke01,Kevin Love,Miami Heat,1988-09-07,36,13431,122.0,3850000
anderky01,Kyle Anderson,Miami Heat,1993-09-20,31,11592,168.0,8780488
jovicni01,Nikola JoviÄ,Miami Heat,2003-06-09,22,8043,,2464200
larsspe01,Pelle Larsson,Miami Heat,2001-02-23,24,8879,251.0,1157153
roziete01,Terry Rozier,Miami Heat,1994-03-17,31,11414,679.0,24924126
herroty01,Tyler Herro,Miami Heat,2000-01-20,25,9279,1840.0,29000000
greenaj01,A.J. Green,Milwaukee Bucks,1999-09-27,25,9394,541.0,2120693
jacksan01,Andre Jackson Jr.,Milwaukee Bucks,2001-11-13,23,8616,230.0,1891857
portibo01,Bobby Portis,Milwaukee Bucks,1995-02-10,30,11084,680.0,12578286
lopezbr01,Brook Lopez,Milwaukee Bucks,1988-04-01,37,13590,1041.0,23000000
livinch01,Chris Livingston,Milwaukee Bucks,2003-10-15,21,7915,30.0,1891857
lillada01,Damian Lillard,Milwaukee Bucks,1990-07-15,34,12755,1447.0,48787676
trentga02,Gary Trent Jr.,Milwaukee Bucks,1999-01-18,26,9646,824.0,2087519
antetgi01,Giannis Antetokounmpo,Milwaukee Bucks,1994-12-06,30,11150,2036.0,48787676
bouyeja01,Jamaree Bouyea,Milwaukee Bucks,1999-06-27,25,9486,17.0,0
simsje01,Jericho Sims,Milwaukee Bucks,1998-10-20,26,9736,34.0,2092344
porteke02,Kevin Porter Jr.,Milwaukee Bucks,2000-05-04,25,9174,352.0,2366937
kuzmaky01,Kyle Kuzma,Milwaukee Bucks,1995-07-24,29,10920,478.0,24456061
connapa01,Pat Connaughton,Milwaukee Bucks,1993-01-06,32,11849,216.0,9423869
nancepe01,Pete Nance,Milwaukee Bucks,2000-02-19,25,9249,23.0,0
rolliry01,Ryan Rollins,Milwaukee Bucks,2002-07-03,22,8384,349.0,491887
umudest01,Stanley Umude,Milwaukee Bucks,1999-04-12,26,9562,15.0,0
princta02,Taurean Prince,Milwaukee Bucks,1994-03-22,31,11409,656.0,2087519
smithty02,Tyler Smith,Milwaukee Bucks,2004-11-02,20,7531,67.0,1157153
edwaran01,Anthony Edwards,Minnesota Timberwolves,2001-08-05,23,8716,2177.0,42176400
hylanbo01,Bones Hyland,Minnesota Timberwolves,2000-09-14,24,9041,5.0,0
divindo01,Donte DiVincenzo,Minnesota Timberwolves,1997-01-31,28,10363,723.0,11445000
mcdanja02,Jaden McDaniels,Minnesota Timberwolves,2000-09-29,24,9026,1000.0,23017242
clarkja02,Jaylen Clark,Minnesota Timberwolves,2001-10-13,23,8647,163.0,492323
edwarje01,Jesse Edwards,Minnesota Timberwolves,2000-03-18,25,9221,0.0,0
inglejo01,Joe Ingles,Minnesota Timberwolves,1987-10-02,37,13772,15.0,2087519
minotjo01,Josh Minott,Minnesota Timberwolves,2002-11-25,22,8239,119.0,2019699
randlju01,Julius Randle,Minnesota Timberwolves,1994-11-29,30,11157,1288.0,33073920
millele01,Leonard Miller,Minnesota Timberwolves,2003-11-26,21,7873,20.0,1891857
garzalu01,Luka Garza,Minnesota Timberwolves,1998-12-27,26,9668,138.0,2162606
conlemi01,Mike Conley,Minnesota Timberwolves,1987-10-11,37,13763,582.0,9975962
reidna01,Naz Reid,Minnesota Timberwolves,1999-08-26,25,9426,1138.0,13986432
alexani01,Nickeil Alexander-Walker,Minnesota Timberwolves,1998-09-02,26,9784,773.0,4312500
dilliro01,Rob Dillingham,Minnesota Timberwolves,2005-01-04,20,7468,219.0,6262920
goberru01,Rudy Gobert,Minnesota Timberwolves,1992-06-26,32,12043,866.0,43827586
shannte01,Terrence Shannon Jr.,Minnesota Timberwolves,2000-07-30,24,9087,138.0,2546640
newtotr01,Tristen Newton,Minnesota Timberwolves,2001-04-26,24,8817,0.0,0
reevean01,Antonio Reeves,New Orleans Pelicans,2000-11-20,24,8974,305.0,1157153
bostobr01,Brandon Boston Jr.,New Orleans Pelicans,2001-11-28,23,8601,448.0,596581
brownbr01,Bruce Brown,New Orleans Pelicans,1996-08-15,28,10532,189.0,23000000
mccolcj01,CJ McCollum,New Orleans Pelicans,1991-09-19,33,12324,1183.0,33333333
murrade01,Dejounte Murray,New Orleans Pelicans,1996-09-19,28,10497,542.0,29517135
paytoel01,Elfrid Payton,New Orleans Pelicans,1994-02-22,31,11437,79.0,549104
joneshe01,Herbert Jones,New Orleans Pelicans,1998-10-06,26,9750,205.0,12976362
cainja01,Jamal Cain,New Orleans Pelicans,1999-03-20,26,9585,196.0,0
robinje02,Jeremiah Robinson-Earl,New Orleans Pelicans,2000-11-03,24,8991,418.0,2196970
hawkijo01,Jordan Hawkins,New Orleans Pelicans,2002-04-29,23,8449,604.0,4525680
alvarjo01,Jose Alvarado,New Orleans Pelicans,1998-04-12,27,9927,579.0,1988598
matkoka01,Karlo MatkoviÄ,New Orleans Pelicans,2001-03-30,24,8844,,1407153
brookke02,Keion Brooks Jr.,New Orleans Pelicans,2000-08-07,24,9079,142.0,0
olynyke01,Kelly Olynyk,New Orleans Pelicans,1991-04-19,34,12477,213.0,12804878
kelleky01,Kylor Kelley,New Orleans Pelicans,1997-08-26,27,10156,10.0,73153
quinole01,Lester QuiÃ±ones,New Orleans Pelicans,2000-11-16,24,8978,,0
murphtr02,Trey Murphy III,New Orleans Pelicans,2000-06-18,24,9129,1124.0,5159854
missiyv01,Yves Missi,New Orleans Pelicans,2004-05-14,21,7703,665.0,3193200
willizi01,Zion Williamson,New Orleans Pelicans,2000-07-06,24,9111,737.0,36725670
watsoan02,Anton Watson,New York Knicks,2000-10-06,24,9019,8.0,0
hukpoar01,Ariel Hukporti,New York Knicks,2002-04-11,23,8467,48.0,1064049
payneca01,Cameron Payne,New York Knicks,1994-08-08,30,11270,500.0,2087519
wrighde01,Delon Wright,New York Knicks,1992-04-26,33,12104,60.0,2087519
brunsja01,Jalen Brunson,New York Knicks,1996-08-31,28,10516,1690.0,24960001
hartjo01,Josh Hart,New York Knicks,1995-03-06,30,11060,1051.0,18144000
townska01,Karl-Anthony Towns,New York Knicks,1995-11-15,29,10806,1759.0,49205800
mcculke01,Kevin McCullar Jr.,New York Knicks,2001-03-15,24,8859,6.0,0
shamela01,Landry Shamet,New York Knicks,1997-03-13,28,10322,286.0,1343690
beaucma01,MarJon Beauchamp,New York Knicks,2000-10-12,24,9013,15.0,0
bridgmi01,Mikal Bridges,New York Knicks,1996-08-30,28,10517,1444.0,23300000
mcbrimi01,Miles McBride,New York Knicks,2000-09-08,24,9047,611.0,4710144
robinmi01,Mitchell Robinson,New York Knicks,1998-04-01,27,9938,87.0,14318182
anunoog01,OG Anunoby,New York Knicks,1997-07-17,27,10196,1332.0,36637932
tuckepj01,P.J. Tucker,New York Knicks,1985-05-05,40,14652,9.0,486777
dadiepa01,Pacome Dadiet,New York Knicks,2005-07-27,19,7264,30.0,1808080
achiupr01,Precious Achiuwa,New York Knicks,1999-09-19,25,9402,379.0,6000000
kolekty01,Tyler Kolek,New York Knicks,2001-03-27,24,8847,81.0,2087519
wiggiaa01,Aaron Wiggins,Oklahoma City Thunder,1999-01-02,26,9662,914.0,10514017
flaglad01,Adam Flagler,Oklahoma City Thunder,1999-12-01,25,9329,65.0,0
mitchaj01,Ajay Mitchell,Oklahoma City Thunder,2002-06-25,22,8392,234.0,3000000
carusal01,Alex Caruso,Oklahoma City Thunder,1994-02-28,31,11431,382.0,9890000
ducasal01,Alex Ducas,Oklahoma City Thunder,2000-12-11,24,8953,36.0,0
carlsbr01,Branden Carlson,Oklahoma City Thunder,1999-06-14,26,9499,122.0,496519
wallaca01,Cason Wallace,Oklahoma City Thunder,2003-11-07,21,7892,568.0,5555880
holmgch01,Chet Holmgren,Oklahoma City Thunder,2002-05-01,23,8447,479.0,10880640
jonesdi01,Dillon Jones,Oklahoma City Thunder,2001-10-29,23,8631,135.0,2622360
harteis01,Isaiah Hartenstein,Oklahoma City Thunder,1998-05-05,27,9904,637.0,30000000
joeis01,Isaiah Joe,Oklahoma City Thunder,1999-07-02,25,9481,756.0,12991650
willija06,Jalen Williams,Oklahoma City Thunder,2001-04-14,24,8829,1490.0,4775760
willija07,Jaylin Williams,Oklahoma City Thunder,2002-06-29,22,8388,278.0,2019699
willike04,Kenrich Williams,Oklahoma City Thunder,1994-12-02,30,11154,436.0,6669000
dortlu01,Luguentz Dort,Oklahoma City Thunder,1999-04-19,26,9555,719.0,16500000
topicni01,Nikola TopiÄ,Oklahoma City Thunder,2005-08-10,19,7250,,4935960
diengou01,Ousmane Dieng,Oklahoma City Thunder,2003-05-21,22,8062,142.0,5027040
gilgesh01,Shai Gilgeous-Alexander,Oklahoma City Thunder,1998-07-12,26,9836,2484.0,35859950
blackan01,Anthony Black,Orlando Magic,2004-01-20,21,7818,736.0,7607760
houstca01,Caleb Houstan,Orlando Magic,2003-01-09,22,8194,239.0,2019699
anthoco01,Cole Anthony,Orlando Magic,2000-05-15,25,9163,630.0,12900000
josepco01,Cory Joseph,Orlando Magic,1991-08-20,33,12354,177.0,3303771
thompet01,Ethan Thompson,Orlando Magic,1999-05-04,26,9540,,0
wagnefr01,Franz Wagner,Orlando Magic,2001-08-27,23,8694,1449.0,7007092
harriga01,Gary Harris,Orlando Magic,1994-09-14,30,11233,145.0,7500000
bitadgo01,Goga Bitadze,Orlando Magic,1999-07-20,25,9463,502.0,9057971
suggsja01,Jalen Suggs,Orlando Magic,2001-06-03,24,8779,567.0,9188385
howarje01,Jett Howard,Orlando Magic,2003-09-14,21,7946,267.0,5278320
isaacjo01,Jonathan Isaac,Orlando Magic,1997-10-03,27,10118,380.0,25000000
caldwke01,Kentavious Caldwell-Pope,Orlando Magic,1993-02-18,32,11806,673.0,22757000
mccluma01,Mac McClung,Orlando Magic,1999-01-06,26,9658,0.0,0
wagnemo01,Moritz Wagner,Orlando Magic,1997-04-26,28,10278,386.0,11000000
banchpa01,Paolo Banchero,Orlando Magic,2002-11-12,22,8252,1191.0,12160800
queentr01,Trevelin Queen,Orlando Magic,1997-02-25,28,10338,152.0,0
dasiltr01,Tristan Da Silva,Orlando Magic,2001-05-15,24,8798,533.0,3628440
cartewe01,Wendell Carter Jr.,Orlando Magic,1999-04-16,26,9558,618.0,11950000
bonaad01,Adem Bona,Philadelphia 76ers,2003-03-28,22,8116,337.0,1157153
reeseal01,Alex Reese,Philadelphia 76ers,1999-05-21,26,9523,74.0,0
drumman01,Andre Drummond,Philadelphia 76ers,1993-08-10,31,11633,293.0,5000000
gordoer01,Eric Gordon,Philadelphia 76ers,1988-12-25,36,13322,266.0,3303771
yabusgu01,Guerschon Yabusele,Philadelphia 76ers,1995-12-17,29,10774,768.0,2087519
mobleis01,Isaiah Mobley,Philadelphia 76ers,1999-09-24,25,9397,6.0,11997
hoodsja01,Jalen Hood-Schifino,Philadelphia 76ers,2003-06-19,21,8033,102.0,0
butleja02,Jared Butler,Philadelphia 76ers,2000-08-25,24,9061,321.0,745726
mccaija01,Jared McCain,Philadelphia 76ers,2004-02-20,21,7787,352.0,4020360
dowtije01,Jeff Dowtin Jr.,Philadelphia 76ers,1997-05-10,28,10264,285.0,0
embiijo01,Joel Embiid,Philadelphia 76ers,1994-03-16,31,11415,452.0,51415938
edwarju01,Justin Edwards,Philadelphia 76ers,2003-12-16,21,7853,445.0,425619
oubreke01,Kelly Oubre Jr.,Philadelphia 76ers,1995-12-09,29,10782,906.0,7983000
lowryky01,Kyle Lowry,Philadelphia 76ers,1986-03-25,39,14328,138.0,2087519
walkelo01,Lonnie Walker IV,Philadelphia 76ers,1998-12-14,26,9681,247.0,780932
georgpa01,Paul George,Philadelphia 76ers,1990-05-02,35,12829,665.0,49205800
grimequ01,Quentin Grimes,Philadelphia 76ers,2000-05-08,25,9170,612.0,4296682
councri01,Ricky Council IV,Philadelphia 76ers,2001-08-03,23,8718,532.0,1891857
maxeyty01,Tyrese Maxey,Philadelphia 76ers,2000-11-04,24,8990,1369.0,35147000
bolbo01,Bol Bol,Phoenix Suns,1999-11-16,25,9344,244.0,2087519
bealbr01,Bradley Beal,Phoenix Suns,1993-06-28,31,11676,902.0,50203930
martico01,Cody Martin,Phoenix Suns,1995-09-28,29,10854,52.0,8120000
gilleco01,Collin Gillespie,Phoenix Suns,1999-06-25,25,9488,194.0,0
leeda03,Damion Lee,Phoenix Suns,1992-10-21,32,11926,83.0,2087519
bookede01,Devin Booker,Phoenix Suns,1996-10-30,28,10456,1923.0,49205800
allengr01,Grayson Allen,Phoenix Suns,1995-10-08,29,10844,680.0,15625000
bridgja01,Jalen Bridges,Phoenix Suns,2001-05-14,24,8799,9.0,0
duranke01,Kevin Durant,Phoenix Suns,1988-09-29,36,13409,1647.0,51179021
plumlma01,Mason Plumlee,Phoenix Suns,1990-03-05,35,12887,333.0,2087519
morrimo01,Monte Morris,Phoenix Suns,1995-06-27,29,10947,233.0,2087519
richani01,Nick Richards,Phoenix Suns,1997-11-29,27,10061,342.0,5000000
ighodos01,Oso Ighodaro,Phoenix Suns,2002-07-14,22,8373,255.0,1157153
onealro01,Royce O'Neale,Phoenix Suns,1993-06-05,32,11699,680.0,9375000
dunnry01,Ryan Dunn,Phoenix Suns,2003-01-07,22,8196,511.0,2530800
washity02,TyTy Washington Jr.,Phoenix Suns,2001-11-15,23,8614,35.0,0
jonesty01,Tyus Jones,Phoenix Suns,1996-05-10,29,10629,829.0,2087519
micicva01,Vasilije MiciÄ,Phoenix Suns,1994-01-13,31,11477,,7723000
simonan01,Anfernee Simons,Portland Trail Blazers,1999-06-08,26,9505,1348.0,25892857
mcgowbr01,Bryce McGowens,Portland Trail Blazers,2002-11-08,22,8256,13.0,0
bantoda01,Dalano Banton,Portland Trail Blazers,1999-11-07,25,9353,559.0,2196970
aytonde01,Deandre Ayton,Portland Trail Blazers,1998-07-23,26,9825,576.0,34005126
avdijde01,Deni Avdija,Portland Trail Blazers,2001-01-03,24,8930,1219.0,15625000
clingdo01,Donovan Clingan,Portland Trail Blazers,2004-02-23,21,7784,436.0,6836400
reathdu01,Duop Reath,Portland Trail Blazers,1996-06-26,28,10582,194.0,2048780
walkeja01,Jabari Walker,Portland Trail Blazers,2002-07-30,22,8357,313.0,2019699
grantje01,Jerami Grant,Portland Trail Blazers,1994-03-12,31,11419,677.0,29793104
minayju01,Justin Minaya,Portland Trail Blazers,1999-03-26,26,9579,18.0,0
murrakr01,Kris Murray,Portland Trail Blazers,2000-08-19,24,9067,287.0,2990040
thybuma01,Matisse Thybulle,Portland Trail Blazers,1997-03-04,28,10331,112.0,11025000
ruperra01,Rayan Rupert,Portland Trail Blazers,2004-05-31,21,7686,155.0,1891857
williro04,Robert Williams,Portland Trail Blazers,1997-10-17,27,10104,116.0,12428571
hendesc01,Scoot Henderson,Portland Trail Blazers,2004-02-03,21,7804,837.0,10259160
sharpsh01,Shaedon Sharpe,Portland Trail Blazers,2003-05-30,22,8053,1335.0,6614160
cissosi01,Sidy Cissoko,Portland Trail Blazers,2004-04-02,21,7745,10.0,0
camarto01,Toumani Camara,Portland Trail Blazers,2000-05-08,25,9170,882.0,1891857
derozde01,DeMar DeRozan,Sacramento Kings,1989-08-07,35,13097,1710.0,23400000
cartede02,Devin Carter,Sacramento Kings,2002-03-18,23,8491,138.0,4689000
sabondo01,Domantas Sabonis,Sacramento Kings,1996-05-03,29,10636,1337.0,40500000
mcderdo01,Doug McDermott,Sacramento Kings,1992-01-03,33,12218,147.0,2087519
jonesis01,Isaac Jones,Sacramento Kings,2000-07-11,24,9106,134.0,152957
crawfis01,Isaiah Crawford,Sacramento Kings,2001-11-01,23,8628,13.0,0
crowdja01,Jae Crowder,Sacramento Kings,1990-07-06,34,12764,23.0,1655619
laravja01,Jake LaRavia,Sacramento Kings,2001-11-03,23,8626,115.0,3352680
valanjo01,Jonas ValanÄiÅ«nas,Sacramento Kings,1992-05-06,33,12094,,9900000
murrake02,Keegan Murray,Sacramento Kings,2000-08-19,24,9067,942.0,8809560
elliske01,Keon Ellis,Sacramento Kings,2000-01-08,25,9291,666.0,2120693
monkma01,Malik Monk,Sacramento Kings,1998-02-04,27,9994,1117.0,17405203
fultzma01,Markelle Fultz,Sacramento Kings,1998-05-29,27,9880,61.0,731831
jonesma05,Mason Jones,Sacramento Kings,1998-07-21,26,9827,23.0,0
daviste02,Terence Davis,Sacramento Kings,1997-05-16,28,10258,0.0,64301
lylestr01,Trey Lyles,Sacramento Kings,1995-11-05,29,10816,451.0,8000000
lavinza01,Zach LaVine,Sacramento Kings,1995-03-10,30,11056,717.0,44531940
biyombi01,Bismack Biyombo,San Antonio Spurs,1992-08-28,32,11980,144.0,647851
weslebl01,Blake Wesley,San Antonio Spurs,2003-03-16,22,8128,217.0,2624280
bassech01,Charles Bassey,San Antonio Spurs,2000-10-28,24,8997,157.0,2087519
paulch01,Chris Paul,San Antonio Spurs,1985-05-06,40,14651,723.0,10460000
dukeda01,David Duke Jr.,San Antonio Spurs,1999-10-13,25,9378,16.0,0
foxde01,De'Aaron Fox,San Antonio Spurs,1997-12-20,27,10040,335.0,34848340
vassede01,Devin Vassell,San Antonio Spurs,2000-08-23,24,9063,1041.0,29347826
barneha02,Harrison Barnes,San Antonio Spurs,1992-05-30,33,12070,1011.0,18000000
ingraha01,Harrison Ingram,San Antonio Spurs,2002-11-27,22,8237,4.0,0
sochaje01,Jeremy Sochan,San Antonio Spurs,2003-05-20,22,8063,617.0,5570040
mclaujo01,Jordan McLaughlin,San Antonio Spurs,1996-04-09,29,10660,45.0,2087519
champju02,Julian Champagnie,San Antonio Spurs,2001-06-29,23,8753,815.0,3000000
johnske04,Keldon Johnson,San Antonio Spurs,1999-10-11,25,9380,979.0,19000000
branhma01,Malaki Branham,San Antonio Spurs,2003-05-12,22,8071,235.0,3217920
minixri01,Riley Minix,San Antonio Spurs,2000-09-22,24,9033,0.0,0
mamuksa01,Sandro Mamukelashvili,San Antonio Spurs,1999-05-23,26,9521,385.0,2087519
castlst01,Stephon Castle,San Antonio Spurs,2004-11-01,20,7532,1190.0,9105120
wembavi01,Victor Wembanyama,San Antonio Spurs,2004-01-04,21,7834,1116.0,12768960
lawsoaj01,A.J. Lawson,Toronto Raptors,2000-07-15,24,9102,236.0,100000
ingrabr01,Brandon Ingram,Toronto Raptors,1997-09-02,27,10149,,36016200
bouchch01,Chris Boucher,Toronto Raptors,1993-01-11,32,11844,502.0,10810000
castlco01,Colin Castleton,Toronto Raptors,2000-05-25,25,9153,79.0,314054
templga01,Garrett Temple,Toronto Raptors,1986-05-08,39,14284,53.0,2087519
dickgr01,Gradey Dick,Toronto Raptors,2003-11-20,21,7879,777.0,4763760
quickim01,Immanuel Quickley,Toronto Raptors,1999-06-17,25,9496,564.0,32500000
walteja01,Ja'Kobe Walter,Toronto Raptors,2004-09-04,20,7590,449.0,3465000
poeltja01,Jakob Poeltl,Toronto Raptors,1995-10-15,29,10837,824.0,19500000
sheadja01,Jamal Shead,Toronto Raptors,2002-06-24,22,8393,533.0,1862265
battlja01,Jamison Battle,Toronto Raptors,2001-05-10,24,8803,419.0,1000000
rhodeja01,Jared Rhoden,Toronto Raptors,1999-08-27,25,9425,114.0,119972
mogbojo01,Jonathan Mogbo,Toronto Raptors,2001-10-29,23,8631,389.0,1862265
agbajoc01,Ochai Agbaji,Toronto Raptors,2000-04-20,25,9188,667.0,4310280
barrerj01,RJ Barrett,Toronto Raptors,2000-06-14,25,9133,1223.0,25794643
barnesc01,Scottie Barnes,Toronto Raptors,2001-08-01,23,8720,1252.0,10130980
chomcul01,Ulrich Chomche,Toronto Raptors,2005-12-30,19,7108,5.0,0
sensabr01,Brice Sensabaugh,Utah Jazz,2003-10-30,21,7900,772.0,2571480
willico04,Cody Williams,Utah Jazz,2004-11-20,20,7513,230.0,5469120
sextoco01,Collin Sexton,Utah Jazz,1999-01-04,26,9660,1159.0,18350000
harklej01,Elijah Harkless,Utah Jazz,2000-02-03,25,9265,32.0,0
colliis01,Isaiah Collier,Utah Jazz,2004-10-08,20,7556,615.0,2512680
sprinja01,Jaden Springer,Utah Jazz,2002-09-25,22,8300,64.0,754409
collijo01,John Collins,Utah Jazz,1997-09-23,27,10128,758.0,26580000
juzanjo01,Johnny Juzang,Utah Jazz,2001-03-17,24,8857,571.0,3087519
clarkjo01,Jordan Clarkson,Utah Jazz,1992-06-07,33,12062,600.0,14092577
martike04,KJ Martin,Utah Jazz,2001-01-06,24,8927,120.0,7975000
georgke01,Keyonte George,Utah Jazz,2003-11-08,21,7891,1125.0,4084200
filipky01,Kyle Filipowski,Utah Jazz,2003-11-07,21,7892,690.0,3000000
markkla01,Lauri Markkanen,Utah Jazz,1997-05-22,28,10252,892.0,42176400
pottemi01,Micah Potter,Utah Jazz,1998-04-06,27,9933,162.0,0
tshieos01,Oscar Tshiebwe,Utah Jazz,1999-11-27,25,9333,107.0,0
mykhasv01,Svi Mykhailiuk,Utah Jazz,1997-06-10,28,10233,334.0,3500000
hendrta01,Taylor Hendricks,Utah Jazz,2003-11-22,21,7877,14.0,5848680
kesslwa01,Walker Kessler,Utah Jazz,2001-07-26,23,8726,641.0,2965920
johnsaj01,AJ Johnson,Washington Wizards,2004-12-01,20,7502,200.0,2795294
sarral01,Alex Sarr,Washington Wizards,2005-04-26,20,7356,869.0,11245680
gillan01,Anthony Gill,Washington Wizards,1992-10-17,32,11930,129.0,2237691
coulibi01,Bilal Coulibaly,Washington Wizards,2004-07-26,20,7630,727.0,6945240
carrica01,Bub Carrington,Washington Wizards,2005-07-21,19,7270,807.0,4454880
jonesco02,Colby Jones,Washington Wizards,2002-05-28,23,8420,131.0,2120693
kispeco01,Corey Kispert,Washington Wizards,1999-03-03,26,9602,705.0,5705887
thorjt01,JT Thor,Washington Wizards,2002-08-26,22,8330,43.0,0
martija02,Jaylen Martin,Washington Wizards,2004-01-28,21,7810,75.0,0
poolejo01,Jordan Poole,Washington Wizards,1999-06-19,25,9494,1391.0,29651786
champju01,Justin Champagnie,Washington Wizards,2001-06-29,23,8753,544.0,1800000
middlkh01,Khris Middleton,Washington Wizards,1991-08-12,33,12362,150.0,31000000
georgky01,Kyshawn George,Washington Wizards,2003-12-12,21,7857,590.0,2825520
brogdma01,Malcolm Brogdon,Washington Wizards,1992-12-11,32,11875,305.0,22500000
smartma01,Marcus Smart,Washington Wizards,1994-03-06,31,11425,140.0,20210284
holmeri01,Richaun Holmes,Washington Wizards,1993-10-15,31,11567,230.0,12648321
beysa01,Saddiq Bey,Washington Wizards,1999-04-09,26,9565,,6440678
vukcetr01,Tristan Vukcevic,Washington Wizards,2003-03-11,22,8133,330.0,0
